{"query": "伊拉克临时政府（2003年9月\n", "cluster": {"tf-idf": {"result": ["33473", "35625", "3054", "140300", "96979", "33448", "21542", "158189", "39338", "15946"], "time": 0.06791949272155762}, "jaccard": {"result": ["101521", "113165", "124469", "143799", "152245", "15766", "1984", "20280", "2033", "24058"], "time": 0.13520026206970215}, "bow": {"result": ["106548", "69796", "32945", "12065", "96126", "19081", "148292", "109385"], "time": 0.018315553665161133}}, "high-idf": {"tf-idf": {"result": ["120702", "35253", "35403", "65785", "33473", "35625", "48296", "130483", "11620", "3054"], "time": 3.574087381362915}, "jaccard": {"result": ["101521", "113165", "124469", "143799", "152245", "15766", "1984", "20280", "2033", "24058"], "time": 4.850831985473633}, "bow": {"result": ["35253", "106548", "6555", "16700", "69796", "65785", "51821", "135944", "130460", "143023"], "time": 8.02453327178955}}, "multi-terms": {"tf-idf": {"result": ["35253", "35403", "65785", "33473", "35625", "48296", "130483", "35685", "23083", "120581"], "time": 0.21897339820861816}, "jaccard": {"result": ["35253", "65785", "23083", "33473", "35625", "35403", "97950", "48296", "130483", "35407"], "time": 0.29586195945739746}, "bow": {"result": ["35253", "65785", "33448", "130484", "39495", "33473", "35625", "130483", "35403", "35685"], "time": 0.51271653175354}}, "heap": {"tf-idf": {"result": ["120702", "35253", "35403", "65785", "33473", "35625", "48296", "130483", "11620", "3054"], "time": 12.154404640197754}, "jaccard": {"result": ["101521", "113165", "124469", "143799", "152245", "15766", "1984", "20280", "2033", "24058"], "time": 13.927886247634888}, "bow": {"result": ["35253", "106548", "6555", "16700", "69796", "65785", "51821", "135944", "130460", "143023"], "time": 18.261871099472046}}, "time": 18.261875867843628}
{"query": "日本海，古称鲸海，韓國和朝鮮基\n", "cluster": {"tf-idf": {"result": ["144259", "79469", "108947", "15090", "137959", "86892", "73854", "108949", "48943", "143652"], "time": 0.03899955749511719}, "jaccard": {"result": ["52560", "143646", "70723", "70842", "140216", "15090", "65802", "64177", "120164", "106295"], "time": 0.06820559501647949}, "bow": {"result": ["19081", "69796", "106548", "109385", "12065", "148292", "32945", "96126"], "time": 0.018456220626831055}}, "high-idf": {"tf-idf": {"result": ["34213", "12371", "151352", "3191", "21700", "39085", "115160", "144259", "70722", "116207"], "time": 0.8390071392059326}, "jaccard": {"result": ["12371", "39085", "34213", "144259", "70722", "151352", "3191", "96094", "41050", "116841"], "time": 1.1401684284210205}, "bow": {"result": ["70842", "79469", "12371", "22608", "70722", "107294", "34213", "1314", "146157", "113909"], "time": 2.0333080291748047}}, "multi-terms": {"tf-idf": {"result": ["34213", "115160", "34245", "88044", "132626", "46099", "96652", "12370", "1314", "56164"], "time": 0.02921271324157715}, "jaccard": {"result": ["34213", "34245", "12370", "115160", "1314", "88044", "132626", "96652", "46099", "69607"], "time": 0.037284135818481445}, "bow": {"result": ["34213", "1314", "12370", "115160", "3121", "34245", "12614", "1698", "46099", "88044"], "time": 0.07147836685180664}}, "heap": {"tf-idf": {"result": ["34213", "12371", "151352", "3191", "21700", "39085", "115160", "144259", "70722", "116207"], "time": 12.02853798866272}, "jaccard": {"result": ["12371", "39085", "34213", "144259", "70722", "151352", "3191", "96094", "41050", "116841"], "time": 13.812804460525513}, "bow": {"result": ["70842", "79469", "12371", "22608", "70722", "107294", "34213", "1314", "146157", "113909"], "time": 18.204611778259277}}, "time": 18.204625129699707}
{"query": "1月7日是公历年的第7天，离一\n", "cluster": {"tf-idf": {"result": ["2082", "2083", "2086", "6646", "2077", "2081", "2078", "2085", "2074", "2075"], "time": 0.02209186553955078}, "jaccard": {"result": ["2159", "10545", "10613", "10713", "10839", "10918", "10951", "10979", "10995", "11023"], "time": 0.06761336326599121}, "bow": {"result": ["20550", "10827", "19390", "10545", "10979", "10995", "11237", "7732", "10294", "25300"], "time": 0.0462183952331543}}, "high-idf": {"tf-idf": {"result": ["2082", "16199", "10613", "10545", "11104", "11105", "19390", "15704", "11155", "21247"], "time": 3.705111265182495}, "jaccard": {"result": ["2159", "10545", "10613", "10713", "10839", "10918", "10951", "10979", "10995", "11023"], "time": 4.997917413711548}, "bow": {"result": ["106548", "90332", "159646", "150432", "69796", "16700", "20550", "10827", "19390", "10545"], "time": 8.329204559326172}}, "multi-terms": {"tf-idf": {"result": ["2082", "16199", "10613", "10545", "11104", "11105", "19390", "15704", "11155", "21247"], "time": 3.076569080352783}, "jaccard": {"result": ["2159", "10545", "10613", "10713", "10839", "10918", "10951", "10979", "10995", "11023"], "time": 4.163814306259155}, "bow": {"result": ["106548", "90332", "159646", "150432", "69796", "16700", "20550", "10827", "19390", "10545"], "time": 7.010633945465088}}, "heap": {"tf-idf": {"result": ["2082", "16199", "10613", "10545", "11104", "11105", "19390", "15704", "11155", "21247"], "time": 12.014633178710938}, "jaccard": {"result": ["2159", "10545", "10613", "10713", "10839", "10918", "10951", "10979", "10995", "11023"], "time": 13.849831819534302}, "bow": {"result": ["106548", "90332", "159646", "150432", "69796", "16700", "20550", "10827", "19390", "10545"], "time": 18.138362407684326}}, "time": 18.13836646080017}
{"query": "中華民國政治是指於1912年創\n", "cluster": {"tf-idf": {"result": ["46415", "74666", "85692", "117194", "64743", "101184", "101276", "101770", "101782", "101870"], "time": 0.02533555030822754}, "jaccard": {"result": ["145382", "142926", "149124", "44653", "40778", "64197", "25472", "107364", "134331", "118952"], "time": 0.009926319122314453}, "bow": {"result": ["119193", "141073", "120581", "115656", "31155", "36971", "142233", "4124", "5748", "39664"], "time": 0.027437925338745117}}, "high-idf": {"tf-idf": {"result": ["11113", "10270", "36585", "120702", "76596", "30030", "48848", "117680", "91353", "9441"], "time": 1.7432775497436523}, "jaccard": {"result": ["11113", "120702", "117680", "30030", "46415", "52531", "2737", "271", "48848", "158336"], "time": 2.3561809062957764}, "bow": {"result": ["11113", "120702", "153625", "2737", "69995", "119193", "30030", "72012", "148796", "140350"], "time": 4.129334449768066}}, "multi-terms": {"tf-idf": {"result": ["11113", "1852", "18978", "235"], "time": 0.006463527679443359}, "jaccard": {"result": ["11113", "1852", "18978", "235"], "time": 0.006699323654174805}, "bow": {"result": ["11113", "1852", "235", "18978"], "time": 0.009736299514770508}}, "heap": {"tf-idf": {"result": ["11113", "10270", "36585", "120702", "76596", "30030", "48848", "117680", "91353", "9441"], "time": 11.92490291595459}, "jaccard": {"result": ["11113", "120702", "117680", "30030", "46415", "52531", "2737", "271", "48848", "158336"], "time": 13.777720212936401}, "bow": {"result": ["11113", "120702", "153625", "2737", "69995", "119193", "30030", "72012", "148796", "140350"], "time": 18.192675828933716}}, "time": 18.192678928375244}
{"query": "台灣地位未定論，或稱台灣主權未\n", "cluster": {"tf-idf": {"result": ["46696", "87044", "144253", "42747", "30102", "28035", "107545", "33829", "83092", "66973"], "time": 0.028623580932617188}, "jaccard": {"result": ["59141", "47948", "26564", "54967", "134751", "88375", "38121", "25279", "119943", "119808"], "time": 0.12591767311096191}, "bow": {"result": ["51430", "145845", "123028", "141642", "130585", "145830", "142711", "142994", "119475", "149558"], "time": 0.04213714599609375}}, "high-idf": {"tf-idf": {"result": ["86769", "52197", "129166", "1369", "46812", "46696", "90696", "602", "48139", "11876"], "time": 2.653001308441162}, "jaccard": {"result": ["86769", "46812", "602", "67073", "106205", "52920", "119353", "67754", "91337", "690"], "time": 3.6457509994506836}, "bow": {"result": ["119938", "86769", "50760", "84126", "94350", "51430", "119943", "119193", "602", "721"],