{"query": "伊拉克临时政府\n", "cluster": {"tf-idf": {"result": ["33473", "35625", "3054", "140300", "96979", "33448", "21542", "158189", "15946", "39338"], "time": 0.6741964817047119}, "jaccard": {"result": ["11602", "35625", "35407", "96979", "142364", "161481", "44876", "4985", "70490", "21542"], "time": 0.013500213623046875}, "bow": {"result": ["35625", "35403", "3054", "87699", "11602", "100373", "67347", "66154", "100077", "100128"], "time": 0.21133041381835938}}, "high-idf": {"tf-idf": {"result": ["120702", "35253", "35403", "48296", "33473", "35625", "130483", "65785", "158373", "3054"], "time": 0.21200942993164062}, "jaccard": {"result": ["35253", "48296", "4530", "120702", "130483", "158373", "11602", "624", "3054", "131836"], "time": 0.34241151809692383}, "bow": {"result": ["35253", "35625", "130483", "35403", "120702", "4530", "158373", "33473", "48296", "624"], "time": 0.4954056739807129}}, "multi-terms": {"tf-idf": {"result": [], "time": 0.0005223751068115234}, "jaccard": {"result": [], "time": 0.0003955364227294922}, "bow": {"result": [], "time": 0.0003857612609863281}}, "heap": {"tf-idf": {"result": ["120702", "35253", "35403", "48296", "33473", "35625", "130483", "65785", "158373", "3054"], "time": 11.95066499710083}, "jaccard": {"result": ["35253", "48296", "4530", "120702", "130483", "158373", "11602", "624", "3054", "131836"], "time": 13.802704095840454}, "bow": {"result": ["35253", "35625", "130483", "35403", "120702", "4530", "158373", "33473", "48296", "624"], "time": 17.788184881210327}}, "time": 17.788188934326172}
{"query": "日本海\n", "cluster": {"tf-idf": {"result": ["100424", "100743", "100931", "101949", "104843", "105541", "106703", "106966", "107513", "108748"], "time": 0.036566972732543945}, "jaccard": {"result": ["97175", "100115", "100494", "10069", "100755", "100803", "100812", "100815", "100830", "100835"], "time": 0.07003355026245117}, "bow": {"result": ["73168", "146187", "73848", "69607", "117758", "43861", "5527", "104197", "103422", "100091"], "time": 0.9840385913848877}}, "high-idf": {"tf-idf": {"result": ["34213", "116207", "21700", "145516", "34245", "108947", "73168", "115593", "145115", "45676"], "time": 0.039045095443725586}, "jaccard": {"result": ["34213", "34245", "116207", "145516", "21700", "108947", "73168", "145115", "1609", "82083"], "time": 0.0505218505859375}, "bow": {"result": ["34213", "34245", "45676", "116207", "115593", "21700", "145516", "111449", "108947", "73168"], "time": 0.0872049331665039}}, "multi-terms": {"tf-idf": {"result": [], "time": 0.0002205371856689453}, "jaccard": {"result": [], "time": 0.0001533031463623047}, "bow": {"result": [], "time": 0.00013113021850585938}}, "heap": {"tf-idf": {"result": ["34213", "116207", "21700", "145516", "34245", "108947", "73168", "115593", "145115", "45676"], "time": 11.99590277671814}, "jaccard": {"result": ["34213", "34245", "116207", "145516", "21700", "108947", "73168", "145115", "1609", "82083"], "time": 13.749942302703857}, "bow": {"result": ["34213", "34245", "45676", "116207", "115593", "21700", "145516", "111449", "108947", "73168"], "time": 17.73339867591858}}, "time": 17.733402729034424}
{"query": "1月7日\n", "cluster": {"tf-idf": {"result": ["3434", "20550", "16036", "2159", "11728", "9380", "6989", "24195", "11628", "1915"], "time": 0.0468297004699707}, "jaccard": {"result": ["11728", "3434", "2159", "11628", "20550", "24195", "6989", "1915", "10754", "11229"], "time": 0.06706547737121582}, "bow": {"result": ["106548", "32945", "69796", "12065", "19081", "96126", "148292", "109385"], "time": 0.01801919937133789}}, "high-idf": {"tf-idf": {"result": ["3434", "20550", "16036", "2159", "11728", "9380", "6989", "24195", "11628", "1915"], "time": 3.5816404819488525}, "jaccard": {"result": ["11728", "3434", "2159", "11628", "16036", "20550", "24195", "6989", "9380", "12962"], "time": 4.852374076843262}, "bow": {"result": ["2984", "20550", "24195", "9380", "11628", "12962", "11728", "3434", "16036", "6989"], "time": 7.893017768859863}}, "multi-terms": {"tf-idf": {"result": [], "time": 0.011371612548828125}, "jaccard": {"result": [], "time": 0.011330604553222656}, "bow": {"result": [], "time": 0.011205196380615234}}, "heap": {"tf-idf": {"result": ["3434", "20550", "16036", "2159", "11728", "9380", "6989", "24195", "11628", "1915"], "time": 11.970426082611084}, "jaccard": {"result": ["11728", "3434", "2159", "11628", "16036", "20550", "24195", "6989", "9380", "12962"], "time": 13.808382511138916}, "bow": {"result": ["2984", "20550", "24195", "9380", "11628", "12962", "11728", "3434", "16036", "6989"], "time": 17.950522661209106}}, "time": 17.950525999069214}
{"query": "中華民國政治\n", "cluster": {"tf-idf": {"result": ["46415", "74666", "85692", "117194", "64743", "101184", "101276", "101770", "101782", "101870"], "time": 0.024912118911743164}, "jaccard": {"result": ["145382", "142926", "149124", "44653", "64197", "40778", "25472", "107364", "134331", "118952"], "time": 0.009771347045898438}, "bow": {"result": ["119193", "141073", "115656", "31155", "120581", "36971", "142233", "4124", "5748", "39664"], "time": 0.026698827743530273}}, "high-idf": {"tf-idf": {"result": ["11113", "48848", "30030", "120702", "117680", "160372", "78441", "46022", "46415", "140350"], "time": 1.703460693359375}, "jaccard": {"result": ["11113", "2737", "271", "120702", "117680", "30030", "46415", "158336", "46022", "148796"], "time": 2.3380794525146484}, "bow": {"result": ["11113", "120702", "153625", "2737", "69995", "119193", "30030", "72012", "148796", "80910"], "time": 4.063337564468384}}, "multi-terms": {"tf-idf": {"result": [], "time": 0.0032346248626708984}, "jaccard": {"result": [], "time": 0.003190279006958008}, "bow": {"result": [], "time": 0.003153562545776367}}, "heap": {"tf-idf": {"result": ["11113", "48848", "30030", "120702", "117680", "160372", "78441", "46022", "46415", "140350"], "time": 11.94286847114563}, "jaccard": {"result": ["11113", "2737", "271", "120702", "117680", "30030", "46415", "158336", "46022", "148796"], "time": 13.864436626434326}, "bow": {"result": ["11113", "120702", "153625", "2737", "69995", "119193", "30030", "72012", "148796", "80910"], "time": 17.947684049606323}}, "time": 17.947688579559326}
{"query": "台灣地位未定論\n", "cluster": {"tf-idf": {"result": ["44807", "147514", "97565", "50934", "70751", "1576", "17164", "93002", "18643", "40353"], "time": 0.02769947052001953}, "jaccard": {"result": ["95041", "157056", "92274", "5096", "88641", "67405", "131041", "75267", "93333", "106393"], "time": 0.014397144317626953}, "bow": {"result": ["51430", "145845", "123028", "141642", "130585", "145830", "142994", "119475", "142711", "149558"], "time": 0.04168558120727539}}, "high-idf": {"tf-idf": {"result": ["86769", "52197", "46812", "602", "48139", "67754", "1369", "690", "1987", "149933"], "time": 1.9876155853271484}, "jaccard": {"result": ["86769", "46812", "602", "690", "106205", "67754", "52920", "119353", "51430", "46415"], "time": 2.739623785018921}, "bow": {"result": ["86769", "119938", "50760", "84126", "94350", "51430", "602", "721", "50964", "119943"], "time": 4.745555877685547}}, "multi-terms": {"tf-idf": {"result": ["86769", "52197", "48139", "1369", "690", "1987", "149933", "120444", "31161", "142233"], "time": 0.01419210433959961}, "jaccard": {"result": ["86769", "690", "1987", "31161", "48139", "1369", "52197", "149933", "142233", "120444"], "time": 0.016932964324951172}, "bow": {"result": ["86769", "690", "20849", "48139", "1987", "31161", "149933", "142233", "77307", "271"], "time": 0.02917170524597168}}, "heap": {"tf-idf": {"result": ["86769", "52197", "46812", "602", "48139", "67754", "1369", "690", "1987", "149933"], "time": 11.929541826248169}, "jaccard": {"result": ["86769", "46812", "602", "690", "106205", "67754", "52920", "119353", "51430", "46415"], "time": 13.82934832572937}, "bow": {"result": ["86769", "119938", "50760", "84126", "94350", "51430", "602", "721", "50964", "119943"], "time": 18.071133852005005}},